"Name","Age","Team","Gm","AB","PA","H","R","HR","RBI","SB","AVG","2B","BB","SO","CS","BB%","K%","BB/K","OBP","SLG","OPS","ISO","BABIP","GB/FB","FB%","HR/FB","GB%","IFFB%","LD%","Pull%","Cent%","Oppo%","Soft%","Med%","Hard%","Balls","Balls/PA","Strikes","Strikes/PA","Pitches","Pitches/PA","O-Swing%","Z-Swing%","Swing%","O-Contact%","Z-Contact%","Contact%","Zone%","F-Strike%","SwStr%"
"Abraham Almonte","27.0","2 Teams","82","232","258","58","36","5","24","7","0.250","12","21","52","1","8.1%","20.2%","0.400","0.310","0.409","0.719","0.159","0.299","1.600","30.6%","0.096","48.8%","15.4%","20.6%","40.5%","36.2%","23.2%","25.4%","48.1%","26.5%","366","1.42","615","2.38","981","3.80","29.8%","68.8%","47.4%","60.5%","85.6%","76.9%","45.1%","62.8%","10.7%"
"Mark Teixeira","36.2","Yankees","111","392","462","100","57","31","79","2","0.255","22","59","85","0","12.8%","18.4%","0.690","0.357","0.548","0.906","0.293","0.246","0.920","42.3%","0.235","38.8%","9.1%","18.9%","55.4%","28.8%","15.7%","16.7%","48.1%","35.3%","747","1.62","1068","2.31","1815","3.93","25.4%","68.0%","44.0%","64.3%","87.4%","79.9%","43.7%","60.2%","8.7%"
"Salvador Perez","26.1","Royals","142","531","553","138","52","21","70","1","0.260","25","13","82","0","2.4%","14.8%","0.160","0.280","0.426","0.706","0.166","0.270","1.120","37.4%","0.124","41.9%","14.1%","20.7%","43.0%","37.2%","19.8%","20.0%","55.9%","24.0%","562","1.02","1278","2.31","1840","3.33","43.3%","68.5%","54.7%","73.5%","90.7%","83.2%","45.1%","60.6%","9.0%"
"Brett Lawrie","26.4","Athletics","149","562","602","146","64","16","60","5","0.260","29","28","144","2","4.7%","23.9%","0.190","0.299","0.407","0.706","0.148","0.320","1.490","32.7%","0.116","48.8%","5.8%","18.5%","38.1%","36.7%","25.2%","16.9%","53.6%","29.4%","776","1.29","1521","2.53","2297","3.82","36.1%","64.0%","49.3%","61.1%","84.6%","75.5%","47.4%","63.5%","11.9%"
"Kole Calhoun","28.7","Angels","159","630","686","161","78","26","83","4","0.256","23","45","164","1","6.6%","23.9%","0.270","0.308","0.422","0.731","0.167","0.304","1.180","35.4%","0.157","41.8%","7.2%","22.8%","42.6%","34.3%","23.1%","19.1%","53.0%","28.0%","944","1.38","1613","2.35","2557","3.73","32.3%","73.4%","49.6%","55.0%","85.5%","73.9%","41.9%","64.6%","12.8%"
"Billy Hamilton","25.8","Reds","114","412","454","93","56","4","28","57","0.226","8","28","75","8","6.2%","16.5%","0.370","0.274","0.289","0.563","0.063","0.264","1.130","37.8%","0.034","42.6%","5.9%","19.6%","29.4%","41.7%","28.9%","22.9%","57.7%","19.4%","598","1.32","1079","2.38","1677","3.69","28.0%","63.5%","44.4%","72.5%","89.3%","83.6%","46.1%","64.3%","7.2%"
"Austin Jackson","29.4","2 Teams","136","491","527","131","56","9","48","17","0.267","25","29","126","10","5.5%","23.9%","0.230","0.311","0.385","0.696","0.118","0.342","2.080","24.6%","0.101","51.1%","2.2%","24.3%","36.0%","37.9%","26.0%","13.0%","56.6%","30.4%","784","1.49","1417","2.69","2201","4.18","27.2%","63.6%","44.6%","63.2%","87.5%","79.8%","47.6%","61.7%","8.9%"
"Kolten Wong","25.7","Cardinals","150","557","613","146","71","11","61","15","0.262","28","36","95","8","5.9%","15.5%","0.380","0.321","0.386","0.707","0.124","0.296","1.360","32.8%","0.072","44.7%","15.1%","22.5%","40.5%","36.0%","23.6%","21.4%","51.4%","27.2%","811","1.32","1471","2.40","2282","3.72","35.7%","73.3%","50.8%","70.4%","90.8%","82.2%","40.1%","56.3%","8.9%"
"Marcus Semien","25.8","Athletics","155","556","601","143","65","15","45","11","0.257","23","42","132","5","7.0%","22.0%","0.320","0.310","0.405","0.715","0.147","0.312","0.980","38.8%","0.091","38.1%","8.5%","23.1%","42.0%","33.3%","24.6%","16.7%","54.9%","28.4%","869","1.45","1501","2.50","2370","3.94","26.0%","63.5%","44.4%","59.2%","88.0%","79.4%","49.0%","58.2%","9.0%"
"Joey Votto","32.8","Reds","158","545","695","171","95","29","80","11","0.314","33","143","135","3","20.6%","19.4%","1.060","0.459","0.541","1.000","0.228","0.371","1.280","32.8%","0.216","42.2%","1.5%","25.0%","37.1%","36.9%","26.0%","9.5%","52.2%","38.3%","1377","1.98","1644","2.37","3021","4.35","19.3%","62.0%","37.6%","70.9%","82.5%","79.1%","42.7%","54.5%","7.7%"
"Jose Iglesias","26.5","Tigers","120","416","454","125","44","2","23","11","0.300","17","25","44","8","5.5%","9.7%","0.570","0.347","0.370","0.717","0.070","0.330","2.410","23.2%","0.024","55.9%","15.3%","21.0%","34.6%","36.4%","29.0%","30.3%","53.6%","16.1%","539","1.19","1151","2.54","1690","3.72","36.1%","57.5%","46.4%","82.5%","96.0%","90.6%","48.0%","63.2%","4.3%"
"Devon Travis","25.4","Blue Jays","62","217","238","66","38","8","35","3","0.304","18","18","43","1","7.6%","18.1%","0.420","0.361","0.498","0.859","0.194","0.347","1.760","28.4%","0.160","50.0%","6.0%","21.6%","31.3%","32.4%","36.4%","15.9%","56.3%","27.8%","323","1.36","623","2.62","946","3.97","33.6%","59.8%","46.1%","72.7%","89.9%","83.3%","47.5%","65.6%","7.6%"
"Andrew McCutchen","29.7","Pirates","157","566","685","165","91","23","96","11","0.292","36","98","133","5","14.3%","19.4%","0.740","0.401","0.488","0.889","0.196","0.339","1.000","38.2%","0.136","38.2%","5.9%","23.5%","38.9%","37.8%","23.3%","13.1%","48.0%","38.9%","1181","1.72","1599","2.33","2780","4.06","24.2%","70.8%","44.6%","60.6%","82.6%","75.9%","43.8%","55.5%","10.5%"
"Ben Revere","28.2","2 Teams","152","592","634","181","84","2","45","31","0.306","22","32","64","7","5.0%","10.1%","0.500","0.342","0.377","0.719","0.071","0.338","2.890","18.9%","0.020","54.7%","4.0%","26.4%","35.1%","40.1%","24.8%","20.0%","61.9%","18.1%","775","1.22","1477","2.33","2252","3.55","29.5%","58.4%","42.3%","79.8%","96.7%","90.1%","44.2%","56.6%","4.1%"
"Daniel Murphy","31.2","Mets","130","499","538","140","56","14","73","2","0.281","38","31","38","2","5.8%","7.1%","0.820","0.322","0.449","0.770","0.168","0.278","1.190","36.0%","0.083","42.8%","10.1%","21.2%","40.7%","31.3%","28.1%","17.1%","52.0%","30.8%","694","1.29","1197","2.22","1891","3.51","33.9%","71.5%","49.7%","83.7%","97.5%","92.0%","42.0%","57.3%","3.9%"
"Buster Posey","29.3","Giants","150","557","623","177","74","19","95","2","0.318","28","56","52","0","9.0%","8.3%","1.080","0.379","0.470","0.849","0.153","0.320","1.300","33.8%","0.110","43.9%","6.9%","22.3%","35.4%","37.5%","27.1%","16.6%","48.8%","34.6%","838","1.35","1356","2.18","2194","3.52","30.7%","71.8%","48.5%","79.2%","93.2%","88.2%","43.4%","59.2%","5.6%"
"David Peralta","28.9","Diamondbacks","149","462","517","144","61","17","78","9","0.312","26","44","107","4","8.5%","20.7%","0.410","0.371","0.522","0.893","0.210","0.368","1.960","26.6%","0.177","52.1%","6.3%","21.3%","38.4%","40.1%","21.5%","13.3%","51.7%","35.1%","708","1.37","1215","2.35","1923","3.72","32.3%","68.3%","47.9%","60.2%","88.4%","77.7%","43.4%","62.7%","10.6%"
"Freddie Freeman","26.8","Braves","118","416","481","115","62","18","66","3","0.276","27","56","98","1","11.6%","20.4%","0.570","0.370","0.471","0.841","0.195","0.321","1.030","35.6%","0.158","36.6%","6.1%","27.8%","41.9%","33.4%","24.7%","10.6%","50.9%","38.4%","760","1.58","1111","2.31","1871","3.89","30.3%","77.7%","50.0%","66.5%","83.2%","77.3%","41.6%","57.4%","11.2%"
"Stephen Vogt","31.7","Athletics","136","445","511","116","58","18","71","0","0.261","21","56","97","2","11.0%","19.0%","0.580","0.341","0.443","0.783","0.182","0.290","0.930","40.4%","0.125","37.6%","4.9%","21.9%","43.0%","33.7%","23.3%","14.6%","58.4%","27.0%","811","1.59","1291","2.53","2102","4.11","29.9%","58.0%","41.9%","73.7%","90.4%","83.6%","42.6%","55.2%","6.8%"
"Avisail Garcia","25.1","White Sox","148","553","601","142","66","13","59","7","0.257","17","36","141","7","6.0%","23.5%","0.260","0.309","0.365","0.675","0.108","0.320","1.830","26.7%","0.117","48.8%","6.3%","24.5%","36.1%","40.4%","23.6%","19.0%","52.2%","28.8%","679","1.13","1463","2.43","2142","3.56","46.6%","78.9%","60.2%","55.0%","83.3%","70.6%","42.0%","65.6%","17.3%"
"Corey Seager","22.2","Dodgers","27","98","113","33","17","4","17","2","0.337","8","14","19","0","12.4%","16.8%","0.740","0.425","0.561","0.986","0.224","0.387","2.000","26.6%","0.190","53.2%","0.0%","20.3%","38.0%","45.6%","16.5%","13.9%","40.5%","45.6%","174","1.54","282","2.50","456","4.04","29.9%","77.2%","51.6%","56.2%","88.1%","78.0%","45.8%","62.8%","11.2%"
"Adam Eaton","27.6","White Sox","153","610","689","175","98","14","56","18","0.287","28","58","131","8","8.4%","19.0%","0.440","0.361","0.431","0.792","0.144","0.345","1.860","27.3%","0.109","50.7%","10.2%","22.0%","29.2%","36.8%","34.0%","20.4%","53.9%","25.7%","1001","1.45","1784","2.59","2785","4.04","29.2%","60.4%","44.0%","71.5%","90.4%","83.8%","47.3%","58.6%","7.0%"
"Giancarlo Stanton","26.6","Marlins","74","279","318","74","47","27","67","4","0.265","12","34","95","2","10.7%","29.9%","0.360","0.346","0.606","0.952","0.341","0.294","0.770","44.9%","0.321","34.8%","13.1%","20.3%","47.1%","31.0%","21.9%","16.0%","34.2%","49.7%","483","1.52","738","2.32","1221","3.84","31.6%","64.3%","45.8%","45.5%","78.7%","65.7%","43.4%","56.6%","15.2%"
"Freddy Galvis","26.6","Phillies","151","559","603","147","63","7","50","10","0.263","14","30","103","1","5.0%","17.1%","0.290","0.302","0.343","0.645","0.081","0.309","1.110","36.9%","0.043","40.9%","10.4%","22.2%","36.4%","35.1%","28.5%","20.3%","54.8%","24.8%","724","1.20","1564","2.59","2288","3.79","39.8%","65.0%","50.9%","72.5%","90.4%","82.6%","44.1%","64.2%","8.9%"
"Marwin Gonzalez","27.3","Astros","120","344","370","96","44","12","34","4","0.279","18","16","74","5","4.3%","20.0%","0.220","0.317","0.442","0.759","0.163","0.326","1.340","33.0%","0.138","44.3%","14.9%","22.7%","49.1%","34.3%","16.6%","19.1%","49.1%","31.8%","426","1.15","884","2.39","1310","3.54","36.9%","66.5%","50.4%","63.2%","87.5%","77.9%","45.8%","63.0%","11.2%"
"Paul Goldschmidt","28.8","Diamondbacks","159","567","695","182","103","33","110","21","0.321","38","118","151","5","17.0%","21.7%","0.780","0.435","0.570","1.005","0.249","0.382","1.190","35.0%","0.223","41.6%","5.4%","23.4%","29.6%","40.2%","30.3%","10.4%","48.7%","40.9%","1279","1.84","1638","2.36","2917","4.20","23.1%","61.6%","40.1%","67.5%","82.5%","77.7%","44.2%","54.2%","8.5%"
"Johnny Giavotella","29.0","Angels","129","453","502","123","51","4","49","2","0.272","25","32","59","1","6.4%","11.8%","0.540","0.318","0.375","0.694","0.104","0.301","1.500","30.5%","0.033","45.8%","9.9%","23.7%","36.7%","38.6%","24.7%","22.5%","58.9%","18.6%","612","1.22","1144","2.28","1756","3.50","27.9%","63.9%","45.8%","72.8%","93.1%","86.9%","49.6%","61.4%","6.0%"
"Yoenis Cespedes","30.7","2 Teams","159","633","676","184","101","35","105","7","0.291","42","33","141","5","4.9%","20.9%","0.230","0.328","0.542","0.870","0.251","0.323","1.100","37.9%","0.186","41.7%","9.0%","20.4%","43.7%","34.8%","21.5%","14.1%","50.1%","35.8%","921","1.36","1801","2.66","2722","4.03","39.1%","65.1%","50.5%","67.7%","86.5%","78.3%","43.6%","58.4%","10.6%"
"Ben Zobrist","35.1","2 Teams","126","467","535","129","76","13","56","3","0.276","36","62","56","4","11.6%","10.5%","1.110","0.359","0.450","0.809","0.173","0.288","1.510","32.4%","0.097","49.0%","11.2%","18.6%","45.7%","31.7%","22.6%","17.5%","54.3%","28.1%","880","1.64","1277","2.39","2157","4.03","22.9%","55.4%","36.9%","80.9%","92.8%","88.6%","43.2%","54.8%","4.2%"
"Randal Grichuk","24.9","Cardinals","103","323","350","89","49","17","47","4","0.276","23","22","110","2","6.3%","31.4%","0.200","0.329","0.548","0.877","0.272","0.365","0.910","41.6%","0.191","37.9%","10.1%","20.6%","50.5%","30.8%","18.7%","15.9%","47.2%","36.9%","489","1.40","902","2.58","1391","3.97","35.1%","73.6%","52.3%","47.0%","83.2%","69.8%","44.9%","63.7%","15.6%"
"Chase Headley","32.1","Yankees","156","580","642","150","74","11","62","0","0.259","29","51","135","2","7.9%","21.0%","0.380","0.324","0.369","0.693","0.110","0.317","1.420","30.4%","0.081","43.1%","11.8%","26.6%","44.3%","35.6%","20.0%","17.4%","54.8%","27.8%","976","1.52","1585","2.47","2561","3.99","25.1%","65.4%","43.2%","60.4%","89.3%","80.0%","45.0%","57.5%","8.6%"
"Nick Markakis","32.6","Braves","156","612","686","181","73","3","53","2","0.296","38","70","83","1","10.2%","12.1%","0.840","0.370","0.376","0.746","0.080","0.338","1.940","27.0%","0.021","52.3%","9.1%","20.8%","28.7%","38.3%","33.0%","16.4%","57.9%","25.7%","1015","1.48","1696","2.47","2711","3.95","27.0%","62.3%","42.5%","86.1%","92.6%","90.2%","43.9%","56.0%","4.1%"
"Jean Segura","26.3","Brewers","142","560","584","144","57","6","50","25","0.257","16","13","93","6","2.2%","15.9%","0.140","0.281","0.336","0.616","0.079","0.298","2.430","24.2%","0.053","59.0%","8.8%","16.7%","24.8%","37.9%","37.3%","25.6%","54.7%","19.7%","617","1.06","1440","2.47","2057","3.52","39.5%","69.9%","53.9%","73.4%","91.5%","84.5%","47.3%","66.4%","8.2%"
"J.D. Martinez","28.9","Tigers","158","596","657","168","93","38","102","3","0.282","33","53","178","2","8.1%","27.1%","0.300","0.344","0.535","0.879","0.253","0.339","0.790","43.5%","0.208","34.2%","4.9%","22.3%","41.1%","34.7%","24.2%","12.6%","45.1%","42.3%","921","1.40","1684","2.56","2605","3.96","36.4%","75.7%","53.8%","57.1%","80.6%","71.8%","44.4%","64.1%","14.9%"
"Anthony Gose","25.9","Tigers","140","485","535","123","73","5","26","23","0.254","24","45","145","11","8.4%","27.1%","0.310","0.321","0.367","0.688","0.113","0.352","2.150","25.2%","0.062","54.0%","7.4%","20.8%","31.0%","35.7%","33.3%","20.2%","55.0%","24.9%","773","1.44","1358","2.54","2131","3.98","30.3%","71.3%","48.7%","54.6%","85.5%","74.9%","45.0%","62.2%","12.1%"
"Albert Pujols","36.5","Angels","157","602","661","147","85","40","95","5","0.244","22","50","72","3","7.6%","10.9%","0.690","0.307","0.480","0.787","0.236","0.217","0.990","42.2%","0.178","41.8%","9.8%","15.9%","45.8%","34.9%","19.3%","15.8%","51.2%","33.0%","923","1.40","1591","2.41","2514","3.80","32.0%","64.9%","46.8%","73.8%","92.7%","85.6%","45.1%","56.0%","6.6%"
"Nori Aoki","34.5","Giants","93","355","392","102","42","5","26","14","0.287","12","30","25","5","7.7%","6.4%","1.200","0.353","0.380","0.733","0.093","0.298","3.050","19.9%","0.077","60.7%","6.2%","19.3%","33.8%","36.0%","30.2%","26.9%","57.7%","15.4%","522","1.33","930","2.37","1452","3.70","28.9%","64.2%","45.7%","85.7%","94.5%","91.6%","47.6%","61.2%","3.8%"
"Hanley Ramirez","32.5","Red Sox","105","401","430","100","59","19","53","6","0.249","12","21","71","3","4.9%","16.5%","0.300","0.291","0.426","0.717","0.177","0.257","1.690","29.6%","0.192","50.0%","12.1%","20.4%","37.1%","39.5%","23.4%","24.3%","44.6%","31.1%","558","1.30","1030","2.40","1588","3.69","34.3%","71.7%","50.9%","69.4%","89.3%","81.8%","44.3%","59.3%","9.1%"
"Byron Buxton","22.5","Twins","46","129","138","27","16","2","6","2","0.209","7","6","44","2","4.3%","31.9%","0.140","0.250","0.326","0.576","0.116","0.301","1.000","43.0%","0.059","43.0%","8.8%","13.9%","39.1%","36.8%","24.1%","24.1%","48.3%","27.6%","167","1.21","346","2.51","513","3.72","30.7%","61.5%","46.1%","46.2%","82.6%","70.4%","49.8%","63.8%","13.5%"
"Billy Butler","30.2","Athletics","151","538","601","135","63","15","65","0","0.251","28","52","101","0","8.7%","16.8%","0.510","0.323","0.390","0.713","0.139","0.282","1.610","31.5%","0.108","50.8%","9.4%","17.7%","38.1%","32.7%","29.3%","15.2%","54.6%","30.2%","807","1.34","1441","2.40","2248","3.74","30.2%","63.1%","45.6%","66.4%","91.1%","82.4%","46.8%","62.2%","7.9%"
"Anthony Rizzo","26.9","Cubs","160","586","701","163","94","31","101","17","0.278","38","78","105","6","11.1%","15.0%","0.740","0.387","0.512","0.899","0.234","0.289","0.790","43.6%","0.146","34.6%","10.4%","21.8%","43.2%","34.8%","21.9%","17.8%","49.0%","33.2%","1067","1.52","1684","2.40","2751","3.92","33.2%","67.9%","46.8%","71.3%","92.0%","83.1%","39.1%","54.8%","7.7%"
"Carlos Correa","21.8","Astros","99","387","432","108","52","22","68","14","0.279","22","40","78","4","9.3%","18.1%","0.510","0.345","0.512","0.857","0.233","0.296","1.670","29.1%","0.242","48.6%","8.8%","22.4%","35.5%","34.2%","30.4%","20.1%","47.0%","32.9%","669","1.55","1128","2.61","1797","4.16","32.4%","62.4%","45.5%","69.5%","89.0%","81.2%","43.8%","56.5%","8.4%"
"Carlos Beltran","39.2","Yankees","133","478","531","132","57","19","67","0","0.276","34","45","85","0","8.5%","16.0%","0.530","0.337","0.471","0.808","0.195","0.297","0.830","42.9%","0.111","35.6%","7.6%","21.6%","44.4%","35.6%","20.1%","13.3%","53.6%","33.1%","759","1.43","1310","2.47","2069","3.90","29.9%","66.9%","46.0%","70.6%","91.3%","83.7%","43.6%","57.3%","7.4%"
"David Ortiz","40.6","Red Sox","146","528","614","144","73","37","108","0","0.273","37","77","95","1","12.5%","15.5%","0.810","0.360","0.553","0.913","0.280","0.264","0.900","41.0%","0.204","36.7%","6.6%","22.4%","44.3%","34.4%","21.3%","11.8%","46.6%","41.6%","1037","1.69","1451","2.36","2488","4.05","28.8%","71.9%","46.1%","65.6%","85.4%","78.0%","40.0%","52.1%","9.8%"
"Billy Burns","26.8","Athletics","125","520","555","153","70","5","42","26","0.294","18","26","81","8","4.7%","14.6%","0.320","0.334","0.392","0.726","0.098","0.339","1.790","28.1%","0.041","50.3%","20.7%","21.6%","29.6%","36.9%","33.5%","30.5%","55.9%","13.6%","590","1.06","1353","2.44","1943","3.50","38.3%","78.8%","58.3%","78.8%","89.1%","85.7%","49.4%","67.9%","8.3%"
"Bryce Harper","23.7","Nationals","153","521","654","172","118","42","99","6","0.330","38","124","131","4","19.0%","20.0%","0.950","0.460","0.649","1.109","0.319","0.369","0.980","39.3%","0.273","38.5%","5.8%","22.2%","45.4%","33.8%","20.8%","11.9%","47.2%","40.9%","1180","1.80","1502","2.30","2682","4.10","28.2%","72.5%","45.3%","60.9%","84.4%","75.4%","38.5%","54.6%","10.8%"
"Pablo Sandoval","29.9","Red Sox","126","470","505","115","43","10","47","0","0.245","25","25","73","0","5.0%","14.5%","0.340","0.292","0.366","0.658","0.121","0.270","1.510","32.3%","0.078","48.9%","13.2%","18.8%","29.8%","39.5%","30.8%","21.5%","54.0%","24.5%","561","1.11","1287","2.55","1848","3.66","48.6%","75.2%","59.5%","77.9%","87.3%","82.8%","41.0%","65.0%","10.2%"
"Nick Castellanos","24.3","Tigers","154","549","595","140","42","15","73","0","0.255","33","39","152","3","6.6%","25.5%","0.260","0.303","0.419","0.721","0.164","0.322","0.900","40.4%","0.092","36.2%","1.2%","23.3%","36.2%","34.5%","29.3%","11.4%","56.3%","32.3%","820","1.38","1497","2.52","2317","3.89","35.0%","69.8%","50.4%","53.3%","83.8%","72.0%","44.2%","64.4%","13.9%"
"Mitch Moreland","30.8","Rangers","132","471","515","131","51","23","85","1","0.278","27","32","112","0","6.2%","21.7%","0.290","0.330","0.482","0.812","0.204","0.317","1.320","34.6%","0.183","45.6%","11.1%","19.8%","44.8%","32.7%","22.5%","14.6%","49.5%","36.0%","741","1.44","1292","2.51","2033","3.95","30.8%","69.5%","47.5%","58.0%","86.9%","76.3%","43.3%","57.3%","11.2%"
"Edwin Encarnacion","33.5","Blue Jays","146","528","624","146","94","39","111","3","0.277","31","77","98","2","12.3%","15.7%","0.790","0.372","0.557","0.929","0.280","0.267","0.810","44.5%","0.199","36.1%","17.9%","19.3%","50.2%","30.0%","19.8%","20.2%","44.3%","35.5%","1021","1.64","1496","2.40","2517","4.03","26.3%","67.0%","44.1%","64.9%","85.2%","78.4%","43.7%","55.5%","9.3%"
"Justin Bour","28.1","Marlins","129","409","446","107","42","23","73","0","0.262","20","34","101","0","7.6%","22.6%","0.340","0.321","0.479","0.800","0.218","0.294","1.390","34.6%","0.215","48.2%","10.3%","17.2%","44.0%","36.2%","19.7%","19.1%","47.2%","33.7%","650","1.46","1057","2.37","1707","3.83","34.1%","65.8%","45.9%","68.4%","81.6%","75.5%","37.5%","52.0%","11.2%"
"Mark Trumbo","30.5","2 Teams","142","508","545","133","62","22","64","0","0.262","23","36","132","0","6.6%","24.2%","0.270","0.310","0.449","0.759","0.187","0.313","1.030","40.3%","0.145","41.6%","12.5%","18.0%","37.1%","32.9%","30.0%","16.4%","50.4%","33.2%","731","1.34","1344","2.47","2075","3.81","37.4%","72.2%","52.2%","58.9%","80.9%","71.9%","42.7%","60.7%","14.6%"
"Jonathan Schoop","24.7","Orioles","86","305","321","85","34","15","39","2","0.279","17","9","79","0","2.8%","24.6%","0.110","0.306","0.482","0.788","0.203","0.329","1.140","37.7%","0.174","43.0%","14.0%","19.3%","43.2%","31.0%","25.8%","20.1%","45.4%","34.5%","339","1.06","783","2.44","1122","3.50","44.6%","83.5%","61.4%","58.9%","80.3%","71.5%","43.3%","66.0%","17.5%"
"Starlin Castro","26.3","Cubs","151","547","578","145","52","11","69","5","0.265","23","21","91","5","3.6%","15.7%","0.230","0.296","0.375","0.671","0.110","0.298","1.870","28.9%","0.083","54.1%","11.3%","17.0%","40.8%","38.6%","20.6%","23.2%","53.1%","23.6%","715","1.24","1421","2.46","2136","3.70","36.2%","65.9%","49.7%","70.8%","89.9%","82.4%","45.6%","56.9%","8.6%"
"Yan Gomes","29.0","Indians","95","363","389","84","38","12","45","0","0.231","22","13","104","0","3.3%","26.7%","0.130","0.267","0.391","0.659","0.160","0.285","0.840","40.0%","0.113","33.6%","11.3%","26.4%","37.4%","37.0%","25.7%","16.6%","55.8%","27.5%","480","1.23","991","2.55","1471","3.78","38.5%","70.0%","53.0%","65.7%","88.4%","79.5%","46.0%","64.5%","10.7%"
"Prince Fielder","32.1","Rangers","158","613","693","187","78","23","98","0","0.305","28","64","88","0","9.2%","12.7%","0.730","0.378","0.463","0.841","0.158","0.323","1.300","35.5%","0.122","46.2%","5.3%","18.3%","32.5%","39.6%","27.9%","17.4%","50.6%","32.1%","954","1.38","1529","2.21","2483","3.58","34.4%","71.3%","49.4%","66.9%","91.7%","81.5%","40.7%","56.1%","8.9%"
"Hunter Pence","33.2","Giants","52","207","223","57","30","9","40","4","0.275","13","16","48","1","7.2%","21.5%","0.330","0.327","0.478","0.806","0.203","0.320","1.870","28.9%","0.196","54.1%","2.2%","17.0%","29.6%","42.1%","28.3%","18.9%","45.9%","35.2%","315","1.41","533","2.39","848","3.80","32.3%","66.8%","46.2%","55.9%","83.6%","72.0%","40.4%","59.6%","12.7%"
"Nelson Cruz","36.0","Mariners","152","590","655","178","90","44","93","3","0.302","22","59","164","2","9.0%","25.0%","0.360","0.369","0.566","0.936","0.264","0.350","1.340","34.0%","0.303","45.7%","10.3%","20.4%","38.6%","36.5%","24.8%","15.9%","48.5%","35.6%","991","1.51","1641","2.51","2632","4.02","34.1%","70.8%","49.5%","59.6%","79.3%","71.5%","42.0%","59.2%","13.7%"
"Ian Kinsler","34.0","Tigers","154","624","675","185","94","11","73","10","0.296","35","43","80","6","6.4%","11.9%","0.540","0.342","0.428","0.770","0.131","0.323","0.830","40.7%","0.050","33.9%","12.7%","25.4%","41.9%","34.1%","24.0%","17.1%","56.8%","26.0%","898","1.33","1628","2.41","2526","3.74","28.7%","69.6%","47.9%","77.5%","94.5%","89.1%","47.0%","60.4%","5.2%"
"Carlos Gonzalez","30.7","Rockies","153","554","608","150","87","40","97","2","0.271","25","46","133","0","7.6%","21.9%","0.350","0.325","0.540","0.864","0.269","0.284","1.290","36.5%","0.258","47.1%","7.1%","16.5%","41.4%","36.4%","22.2%","16.8%","49.1%","34.1%","819","1.35","1416","2.33","2235","3.68","38.6%","78.1%","54.5%","55.8%","83.1%","71.6%","40.4%","57.4%","15.2%"
"Juan Lagares","27.3","Mets","143","441","465","114","47","6","41","7","0.259","16","16","87","3","3.4%","18.7%","0.180","0.289","0.358","0.647","0.100","0.308","1.770","31.0%","0.055","54.8%","11.0%","14.2%","27.9%","41.6%","30.4%","18.2%","51.7%","30.2%","561","1.21","1250","2.69","1811","3.89","37.1%","66.0%","50.7%","68.0%","89.1%","80.9%","47.0%","64.7%","9.5%"
"Carlos Santana","30.2","Indians","154","550","666","127","72","19","85","11","0.231","29","108","122","3","16.2%","18.3%","0.890","0.357","0.395","0.752","0.164","0.261","1.200","37.1%","0.119","44.5%","18.8%","18.3%","53.3%","28.6%","18.0%","21.9%","48.5%","29.6%","1274","1.91","1589","2.39","2863","4.30","21.6%","57.9%","37.2%","69.8%","89.5%","83.0%","43.0%","48.2%","6.2%"
"Ryan Howard","36.6","Phillies","129","467","503","107","53","23","77","0","0.229","29","27","138","0","5.4%","27.4%","0.200","0.277","0.443","0.720","0.214","0.272","0.970","36.7%","0.189","35.5%","0.8%","27.7%","47.6%","33.4%","19.0%","8.4%","54.2%","37.3%","669","1.33","1228","2.44","1897","3.77","39.2%","77.8%","55.4%","53.1%","81.3%","69.7%","42.0%","57.7%","16.6%"
"Matt Carpenter","30.6","Cardinals","154","574","665","156","101","28","84","4","0.272","44","81","151","3","12.2%","22.7%","0.540","0.365","0.505","0.871","0.233","0.321","0.710","41.7%","0.158","29.7%","2.3%","28.5%","39.3%","36.8%","23.9%","11.2%","52.0%","36.8%","1074","1.62","1733","2.61","2807","4.22","22.8%","60.1%","39.3%","65.9%","87.0%","80.2%","44.2%","61.1%","7.7%"
"Jhonny Peralta","34.1","Cardinals","155","579","640","159","64","17","71","1","0.275","26","50","111","4","7.8%","17.3%","0.450","0.334","0.411","0.745","0.136","0.311","1.410","31.2%","0.115","44.1%","5.4%","24.7%","42.6%","34.8%","22.6%","13.3%","54.9%","31.9%","934","1.46","1510","2.36","2444","3.82","33.1%","75.7%","51.2%","65.7%","86.4%","78.7%","42.3%","60.3%","10.6%"
"Francisco Lindor","22.6","Indians","99","390","438","122","50","12","51","12","0.313","22","27","69","2","6.2%","15.8%","0.390","0.353","0.482","0.835","0.169","0.348","1.770","28.7%","0.130","50.8%","10.9%","20.6%","34.6%","36.1%","29.3%","19.1%","55.7%","25.2%","552","1.26","1026","2.34","1578","3.60","32.5%","73.7%","50.7%","69.5%","90.3%","82.9%","44.2%","61.6%","8.6%"
"Joe Mauer","33.2","Twins","158","592","666","157","69","10","66","2","0.265","34","67","112","1","10.1%","16.8%","0.600","0.338","0.380","0.718","0.115","0.309","2.760","20.2%","0.103","55.7%","4.1%","24.1%","30.5%","37.4%","32.1%","16.5%","54.3%","29.2%","1017","1.53","1698","2.55","2715","4.08","27.6%","57.5%","41.4%","74.7%","90.2%","84.6%","46.1%","57.2%","6.2%"
"Jose Reyes","33.1","2 Teams","116","481","519","132","57","7","53","24","0.274","25","26","62","6","5.0%","11.9%","0.420","0.310","0.378","0.688","0.104","0.301","1.230","35.9%","0.047","44.1%","21.5%","20.0%","42.5%","35.7%","21.8%","25.1%","55.7%","19.3%","598","1.15","1206","2.32","1804","3.48","35.3%","69.9%","50.3%","74.7%","91.7%","85.0%","43.5%","61.1%","7.5%"
"Eric Hosmer","26.7","Royals","158","599","667","178","98","18","93","7","0.297","33","61","108","3","9.1%","16.2%","0.560","0.363","0.459","0.822","0.162","0.336","2.130","24.4%","0.151","52.2%","10.1%","23.4%","36.8%","34.5%","28.7%","18.0%","49.9%","32.1%","984","1.48","1573","2.36","2557","3.83","32.7%","64.8%","46.1%","68.1%","89.6%","80.8%","41.7%","57.0%","8.7%"
"Dustin Pedroia","32.9","Red Sox","93","381","425","111","46","12","42","2","0.291","19","38","51","2","8.9%","12.0%","0.750","0.356","0.441","0.797","0.150","0.308","1.580","31.8%","0.113","50.5%","14.2%","17.7%","40.1%","38.6%","21.3%","18.0%","56.3%","25.7%","595","1.40","1043","2.45","1638","3.85","27.1%","60.1%","43.6%","78.1%","92.6%","88.1%","50.1%","56.5%","5.1%"
"Adrian Beltre","37.2","Rangers","143","567","619","163","83","18","83","1","0.287","32","41","65","0","6.6%","10.5%","0.630","0.334","0.453","0.788","0.166","0.295","1.160","35.7%","0.099","41.6%","8.2%","22.7%","38.8%","38.6%","22.5%","14.1%","52.4%","33.5%","783","1.26","1505","2.43","2288","3.70","36.3%","64.3%","48.8%","75.4%","90.4%","84.2%","44.6%","61.9%","7.6%"
"Jose Altuve","26.2","Astros","154","638","689","200","86","15","66","38","0.313","40","33","67","13","4.8%","9.7%","0.490","0.353","0.459","0.812","0.146","0.329","1.330","35.2%","0.074","46.7%","8.4%","18.1%","45.3%","35.5%","19.1%","19.7%","54.3%","26.0%","745","1.08","1482","2.15","2227","3.23","36.7%","71.9%","53.0%","81.9%","94.6%","89.8%","46.3%","65.5%","5.3%"
"Luis Valbuena","30.6","Astros","132","434","493","97","62","25","56","1","0.224","18","50","106","0","10.1%","21.5%","0.470","0.310","0.438","0.748","0.214","0.235","0.750","45.5%","0.167","34.2%","9.3%","20.3%","44.7%","29.3%","26.0%","14.5%","52.6%","32.9%","778","1.58","1278","2.59","2056","4.17","28.0%","70.8%","46.9%","63.7%","83.9%","77.2%","44.2%","57.4%","10.6%"
"Jacoby Ellsbury","32.8","Yankees","111","452","501","116","66","7","33","21","0.257","15","35","86","9","7.0%","17.2%","0.410","0.318","0.345","0.663","0.088","0.301","1.480","30.6%","0.062","45.3%","10.6%","24.1%","37.8%","35.1%","27.0%","23.8%","55.1%","21.1%","662","1.32","1219","2.43","1881","3.75","30.8%","68.2%","48.5%","74.5%","89.7%","84.6%","47.3%","62.9%","7.4%"
"Scooter Gennett","26.2","Brewers","114","375","391","99","42","6","29","1","0.264","18","12","68","3","3.1%","17.4%","0.180","0.294","0.381","0.675","0.117","0.309","1.630","29.8%","0.067","48.7%","13.3%","21.5%","37.5%","30.9%","31.6%","22.1%","55.7%","22.1%","408","1.04","960","2.46","1368","3.50","43.8%","73.8%","56.8%","73.0%","92.7%","84.1%","43.2%","66.0%","8.9%"
"Adeiny Hechavarria","27.2","Marlins","130","470","499","132","54","5","48","7","0.281","17","23","78","2","4.6%","15.6%","0.290","0.315","0.374","0.689","0.094","0.325","1.780","28.6%","0.045","51.0%","8.2%","20.3%","30.3%","38.6%","31.1%","19.9%","55.3%","24.7%","540","1.08","1136","2.28","1676","3.36","35.4%","70.6%","52.6%","74.5%","87.2%","82.8%","48.7%","65.1%","8.8%"
"Josh Reddick","29.4","Athletics","149","526","582","143","67","20","77","10","0.272","25","49","65","2","8.4%","11.2%","0.750","0.333","0.449","0.781","0.177","0.278","0.950","40.6%","0.106","38.4%","9.0%","21.0%","35.6%","35.3%","29.1%","16.8%","58.0%","25.2%","876","1.51","1420","2.44","2296","3.95","29.0%","63.7%","43.6%","73.3%","93.3%","85.6%","42.1%","55.8%","6.2%"
"Blake Swihart","24.2","Red Sox","84","288","309","79","47","5","31","4","0.274","17","18","77","2","5.8%","24.9%","0.230","0.319","0.392","0.712","0.118","0.359","1.660","27.6%","0.086","45.7%","12.1%","26.7%","39.4%","34.3%","26.3%","20.7%","52.6%","26.8%","420","1.36","790","2.56","1210","3.92","32.5%","64.7%","47.3%","64.3%","88.2%","79.4%","46.0%","61.8%","9.7%"
"Adam Jones","30.9","Orioles","137","546","581","147","74","27","82","3","0.269","25","24","102","1","4.1%","17.6%","0.240","0.308","0.474","0.782","0.205","0.286","1.260","36.3%","0.168","45.8%","11.8%","17.8%","44.3%","34.0%","21.7%","20.1%","49.4%","30.4%","609","1.05","1387","2.39","1996","3.44","47.7%","80.6%","61.1%","66.8%","87.5%","77.9%","40.7%","65.4%","13.3%"
"Josh Donaldson","30.6","Blue Jays","158","620","711","184","122","41","123","6","0.297","41","73","133","0","10.3%","18.7%","0.550","0.371","0.568","0.939","0.271","0.314","1.180","37.9%","0.218","44.8%","9.6%","17.3%","42.9%","33.5%","23.6%","14.6%","48.3%","37.1%","1119","1.57","1698","2.39","2817","3.96","25.9%","70.7%","46.5%","60.2%","82.8%","76.0%","46.1%","57.0%","11.0%"
"Ian Desmond","30.8","Nationals","156","583","641","136","69","19","62","13","0.233","27","45","187","5","7.0%","29.2%","0.240","0.290","0.384","0.674","0.151","0.307","1.720","31.0%","0.154","53.4%","13.0%","15.6%","34.7%","36.0%","29.3%","20.7%","51.2%","28.1%","819","1.28","1546","2.41","2365","3.69","35.2%","70.1%","50.4%","56.9%","84.0%","73.3%","43.8%","65.8%","13.2%"
"Mookie Betts","23.7","Red Sox","145","597","654","174","92","18","77","21","0.291","42","46","82","6","7.0%","12.5%","0.560","0.341","0.479","0.820","0.188","0.310","0.900","42.4%","0.082","38.2%","10.5%","19.5%","40.3%","36.5%","23.1%","16.1%","52.8%","31.2%","940","1.44","1694","2.59","2634","4.03","26.2%","55.7%","40.9%","72.9%","93.1%","86.6%","49.9%","61.5%","5.4%"
"Michael Brantley","29.1","Indians","137","529","596","164","68","15","84","15","0.310","45","60","51","1","10.1%","8.6%","1.180","0.379","0.480","0.859","0.170","0.318","1.450","31.7%","0.099","45.8%","5.3%","22.5%","42.7%","32.7%","24.6%","15.9%","53.4%","30.6%","837","1.40","1312","2.20","2149","3.61","24.9%","64.3%","43.0%","84.4%","96.3%","92.6%","46.0%","58.2%","3.1%"
"Lorenzo Cain","30.2","Royals","140","551","604","169","101","16","72","28","0.307","34","37","98","6","6.1%","16.2%","0.380","0.361","0.477","0.838","0.171","0.347","1.450","31.3%","0.112","45.5%","2.8%","23.2%","33.7%","38.1%","28.2%","13.3%","54.7%","31.9%","826","1.37","1473","2.44","2299","3.81","36.1%","67.9%","50.3%","70.3%","91.2%","82.9%","44.7%","59.8%","8.4%"
"Matt Holliday","36.5","Cardinals","73","229","277","64","24","4","35","2","0.279","16","39","49","1","14.1%","17.7%","0.800","0.394","0.410","0.804","0.131","0.335","1.660","29.0%","0.075","48.1%","9.4%","23.0%","25.1%","41.5%","33.3%","20.8%","45.9%","33.3%","429","1.55","633","2.29","1062","3.83","30.6%","80.9%","50.5%","67.7%","84.4%","78.3%","39.5%","59.2%","10.6%"
"Lonnie Chisenhall","27.7","Indians","106","333","362","82","38","7","44","4","0.246","19","23","69","1","6.4%","19.1%","0.330","0.294","0.372","0.667","0.126","0.288","1.020","39.8%","0.066","40.6%","20.8%","19.5%","40.1%","33.8%","26.0%","27.9%","48.7%","23.4%","411","1.14","904","2.50","1315","3.63","40.2%","70.4%","53.7%","74.1%","89.9%","83.4%","44.8%","65.2%","8.8%"
"Dexter Fowler","30.3","Cubs","156","596","690","149","102","17","46","20","0.250","29","84","154","7","12.2%","22.3%","0.550","0.346","0.411","0.757","0.161","0.308","1.190","36.4%","0.106","43.3%","6.3%","20.3%","44.1%","30.9%","25.1%","16.6%","55.7%","27.7%","1171","1.70","1648","2.39","2819","4.09","21.3%","67.8%","41.7%","63.7%","86.8%","80.2%","43.8%","59.0%","8.2%"
"Ryan Braun","32.6","Brewers","140","506","568","144","87","25","84","24","0.285","27","54","115","4","9.5%","20.2%","0.470","0.356","0.498","0.854","0.213","0.322","1.600","31.0%","0.205","49.6%","3.3%","19.3%","30.7%","38.3%","31.0%","14.0%","50.0%","36.0%","758","1.33","1383","2.43","2141","3.77","37.1%","71.1%","51.1%","67.0%","88.0%","79.1%","41.3%","64.3%","10.5%"
"Troy Tulowitzki","31.7","2 Teams","128","486","534","136","77","17","70","1","0.280","27","38","114","0","7.1%","21.3%","0.330","0.337","0.440","0.777","0.160","0.331","1.110","37.0%","0.122","41.0%","12.9%","22.1%","48.9%","29.0%","22.1%","15.7%","47.1%","37.2%","774","1.45","1337","2.50","2111","3.95","30.6%","63.7%","46.0%","68.6%","85.0%","79.2%","46.4%","57.9%","9.4%"
"Seth Smith","33.8","Mariners","136","395","452","98","54","12","42","0","0.248","31","47","99","0","10.4%","21.9%","0.470","0.330","0.443","0.773","0.195","0.298","1.110","38.0%","0.105","42.3%","1.8%","19.7%","38.7%","34.8%","26.5%","15.2%","49.0%","35.8%","758","1.68","1147","2.54","1905","4.21","26.2%","59.5%","40.7%","58.1%","83.5%","74.3%","43.5%","55.3%","10.3%"
"DJ LeMahieu","28.0","Rockies","150","564","620","170","85","6","61","23","0.301","21","50","107","3","8.1%","17.3%","0.470","0.358","0.388","0.746","0.087","0.362","2.800","19.5%","0.067","54.5%","1.1%","26.0%","21.2%","39.8%","39.0%","12.1%","61.7%","26.2%","901","1.45","1550","2.50","2451","3.95","25.2%","63.5%","43.8%","72.8%","90.6%","85.3%","48.6%","58.7%","6.4%"
"Francisco Cervelli","30.3","Pirates","130","451","510","133","56","7","43","1","0.295","17","46","94","1","9.0%","18.4%","0.490","0.370","0.401","0.771","0.106","0.359","1.940","26.9%","0.073","52.1%","3.1%","21.0%","36.5%","35.9%","27.6%","15.7%","53.6%","30.7%","790","1.55","1213","2.38","2003","3.93","21.5%","63.4%","42.1%","66.7%","87.6%","82.1%","49.0%","60.6%","7.4%"
"Khris Davis","28.5","Brewers","121","392","440","97","54","27","66","6","0.247","16","44","122","2","10.0%","27.7%","0.360","0.323","0.505","0.828","0.258","0.285","1.050","40.3%","0.245","42.5%","7.3%","17.2%","41.4%","38.5%","20.1%","17.9%","47.6%","34.4%","656","1.49","1121","2.55","1777","4.04","28.5%","72.8%","49.0%","52.2%","76.0%","68.5%","46.2%","59.3%","15.2%"
"Danny Valencia","31.8","2 Teams","105","345","378","100","59","18","66","2","0.290","23","29","80","2","7.7%","21.2%","0.360","0.345","0.519","0.864","0.229","0.329","1.730","30.3%","0.222","52.4%","8.6%","17.2%","47.8%","34.0%","18.3%","15.3%","50.0%","34.7%","495","1.31","891","2.36","1386","3.67","34.2%","62.8%","47.0%","57.4%","87.2%","75.3%","45.0%","64.0%","11.5%"
"Miguel Cabrera","33.2","Tigers","119","429","511","145","64","18","76","1","0.338","28","77","82","1","15.1%","16.0%","0.940","0.440","0.534","0.974","0.196","0.384","1.290","32.7%","0.158","42.1%","3.5%","25.2%","35.8%","30.7%","33.5%","10.3%","49.9%","39.8%","812","1.59","1173","2.30","1985","3.88","30.7%","70.5%","47.5%","66.5%","86.2%","78.8%","42.2%","57.5%","9.6%"
"Russell Martin","33.4","Blue Jays","129","441","507","106","76","23","77","4","0.240","23","53","106","5","10.5%","20.9%","0.500","0.329","0.458","0.787","0.218","0.262","1.530","33.0%","0.207","50.6%","18.9%","16.4%","38.2%","35.9%","25.9%","16.8%","54.1%","29.1%","844","1.66","1268","2.50","2112","4.17","23.7%","60.3%","41.3%","62.7%","86.6%","79.5%","48.1%","57.8%","8.4%"
"Ketel Marte","22.7","Mariners","57","219","247","62","25","2","17","8","0.283","14","24","43","4","9.7%","17.4%","0.560","0.351","0.402","0.753","0.119","0.341","2.000","26.2%","0.044","52.3%","13.3%","21.5%","39.4%","35.0%","25.6%","21.7%","56.1%","22.2%","360","1.46","592","2.40","952","3.85","27.0%","62.7%","43.1%","69.3%","88.4%","81.8%","45.1%","57.1%","7.8%"
"Wilmer Flores","24.9","Mets","137","483","510","127","55","16","59","0","0.263","22","19","63","1","3.7%","12.4%","0.300","0.295","0.408","0.703","0.145","0.273","1.130","37.1%","0.103","41.8%","16.0%","21.1%","38.9%","33.5%","27.6%","21.7%","49.8%","28.5%","653","1.28","1316","2.58","1969","3.86","31.9%","68.0%","49.3%","82.0%","89.8%","87.2%","48.1%","61.0%","6.3%"
"Adrian Gonzalez","34.1","Dodgers","156","571","643","157","76","28","90","0","0.275","33","62","107","1","9.6%","16.6%","0.580","0.350","0.480","0.830","0.205","0.294","1.020","36.7%","0.164","37.3%","7.0%","26.0%","40.3%","33.4%","26.3%","14.6%","49.5%","36.0%","948","1.47","1537","2.39","2485","3.86","33.7%","74.4%","50.8%","67.4%","88.1%","80.1%","41.9%","54.3%","9.9%"
"Michael Conforto","23.3","Mets","56","174","194","47","30","9","26","0","0.270","14","17","39","1","8.8%","20.1%","0.440","0.335","0.506","0.841","0.236","0.297","1.000","38.7%","0.170","38.7%","13.2%","22.6%","45.3%","35.0%","19.7%","16.8%","42.3%","40.9%","295","1.52","448","2.31","743","3.83","24.3%","68.0%","43.4%","61.4%","87.2%","79.1%","43.6%","52.1%","9.0%"
"Mike Trout","24.9","Angels","159","575","682","172","104","41","90","11","0.299","32","92","158","7","13.5%","23.2%","0.580","0.402","0.590","0.991","0.290","0.344","0.970","38.4%","0.253","37.2%","2.5%","24.4%","38.2%","33.2%","28.7%","11.6%","47.6%","40.8%","1248","1.83","1732","2.54","2980","4.37","25.2%","55.6%","38.9%","66.4%","87.7%","80.1%","44.9%","56.7%","7.5%"
"Maikel Franco","23.8","Phillies","80","304","335","85","45","14","50","1","0.280","22","26","52","0","7.8%","15.5%","0.500","0.343","0.497","0.840","0.217","0.297","1.350","34.8%","0.159","47.0%","14.8%","18.2%","44.7%","38.7%","16.6%","22.1%","49.4%","28.5%","444","1.33","754","2.25","1198","3.58","33.7%","69.3%","48.8%","61.7%","87.2%","77.0%","42.4%","56.1%","11.1%"
"David Wright","33.5","Mets","38","152","174","44","24","5","17","2","0.289","7","22","36","1","12.6%","20.7%","0.610","0.379","0.434","0.814","0.145","0.351","0.930","38.8%","0.111","36.2%","6.7%","25.0%","33.6%","38.8%","27.6%","19.8%","46.6%","33.6%","270","1.55","416","2.39","686","3.94","25.6%","66.5%","45.0%","64.8%","85.9%","79.5%","47.3%","54.6%","9.0%"
"Evan Gattis","29.9","Astros","153","566","604","139","66","27","88","0","0.246","20","30","119","1","5.0%","19.7%","0.250","0.285","0.463","0.748","0.217","0.264","1.220","37.4%","0.160","45.6%","13.0%","17.0%","39.8%","36.3%","23.9%","21.5%","47.1%","31.4%","729","1.21","1373","2.27","2102","3.48","37.5%","70.4%","51.4%","67.3%","84.6%","77.3%","42.1%","60.4%","11.6%"
"Yunel Escobar","33.7","Nationals","139","535","591","168","75","9","56","2","0.314","25","45","70","2","7.6%","11.8%","0.640","0.375","0.415","0.790","0.101","0.347","2.350","23.2%","0.083","54.5%","5.6%","22.3%","37.6%","34.6%","27.8%","17.5%","54.7%","27.8%","723","1.22","1268","2.15","1991","3.37","29.0%","75.5%","50.1%","67.2%","92.2%","84.3%","45.5%","63.8%","7.8%"
"Robinson Cano","33.7","Mariners","156","624","674","179","82","21","79","2","0.287","34","43","107","6","6.4%","15.9%","0.400","0.334","0.446","0.779","0.159","0.316","1.990","25.3%","0.159","50.5%","4.5%","24.2%","36.3%","41.1%","22.6%","16.5%","51.1%","32.4%","867","1.29","1578","2.34","2445","3.63","33.1%","73.2%","50.7%","69.1%","90.4%","82.6%","43.8%","59.1%","8.7%"
"Starling Marte","27.7","Pirates","153","579","633","166","84","19","81","30","0.287","30","27","123","10","4.3%","19.4%","0.220","0.337","0.444","0.780","0.157","0.333","2.370","22.7%","0.186","53.8%","9.8%","23.6%","44.0%","34.9%","21.1%","21.3%","50.0%","28.7%","704","1.11","1577","2.49","2281","3.60","40.4%","77.5%","57.6%","59.0%","85.8%","75.8%","46.5%","69.5%","13.7%"
"Logan Forsythe","29.5","Rays","153","540","615","152","69","17","68","9","0.281","33","55","111","4","8.9%","18.0%","0.500","0.359","0.444","0.804","0.163","0.323","0.980","40.6%","0.097","39.6%","8.0%","19.8%","39.1%","36.3%","24.6%","15.2%","54.0%","30.8%","954","1.55","1586","2.58","2540","4.13","24.7%","57.7%","40.8%","70.7%","89.1%","83.4%","48.8%","61.6%","6.7%"
"Jung-ho Kang","29.2","Pirates","126","421","467","121","60","15","58","5","0.287","24","28","99","4","6.0%","21.2%","0.280","0.355","0.461","0.816","0.173","0.344","1.810","27.6%","0.169","49.8%","6.7%","22.6%","46.1%","33.1%","20.7%","18.0%","47.7%","34.4%","701","1.50","1180","2.53","1881","4.03","26.1%","60.6%","42.7%","57.8%","85.2%","76.5%","48.1%","59.7%","9.9%"
"Trevor Plouffe","30.0","Twins","152","573","632","140","74","22","86","2","0.244","35","50","124","1","7.9%","19.6%","0.400","0.307","0.435","0.742","0.190","0.274","1.010","40.7%","0.120","41.1%","12.0%","18.2%","42.7%","34.6%","22.7%","18.1%","48.5%","33.5%","862","1.36","1541","2.44","2403","3.80","26.2%","65.5%","45.3%","62.4%","88.1%","80.5%","48.7%","64.6%","8.7%"
"Evan Longoria","30.7","Rays","160","604","670","163","74","21","73","3","0.270","35","51","132","1","7.6%","19.7%","0.390","0.328","0.435","0.764","0.166","0.309","0.960","40.4%","0.108","39.0%","10.8%","20.6%","41.9%","32.1%","26.0%","15.0%","54.4%","30.6%","934","1.39","1602","2.39","2536","3.79","31.1%","67.8%","47.8%","66.8%","84.9%","78.5%","45.4%","59.1%","10.1%"
"Cory Spangenberg","25.3","Padres","108","303","345","82","38","4","21","9","0.271","17","28","75","4","8.1%","21.7%","0.370","0.333","0.399","0.733","0.129","0.344","2.060","24.5%","0.075","50.5%","3.8%","25.0%","33.1%","33.1%","33.9%","21.8%","53.1%","25.1%","482","1.40","808","2.34","1290","3.74","32.4%","65.5%","46.8%","61.2%","90.3%","79.0%","43.6%","64.4%","9.7%"
"Didi Gregorius","26.4","Yankees","155","525","578","139","57","9","56","5","0.265","24","33","85","3","5.7%","14.7%","0.390","0.318","0.370","0.688","0.105","0.297","1.310","34.1%","0.060","44.7%","9.3%","21.2%","38.5%","35.0%","26.5%","21.6%","55.9%","22.5%","706","1.22","1387","2.40","2093","3.62","37.1%","71.1%","52.1%","67.8%","87.4%","79.6%","44.2%","63.3%","10.6%"
"Howie Kendrick","33.0","Dodgers","117","464","495","137","64","9","54","6","0.295","22","27","82","2","5.5%","16.6%","0.330","0.336","0.409","0.746","0.114","0.342","3.520","16.7%","0.141","58.7%","0.0%","24.5%","27.3%","40.6%","32.0%","16.4%","54.2%","29.4%","614","1.24","1250","2.53","1864","3.77","34.1%","70.7%","51.8%","65.7%","89.5%","81.4%","48.3%","62.6%","9.5%"
"Travis d'Arnaud","27.4","Mets","67","239","268","64","31","12","41","0","0.268","14","23","49","0","8.6%","18.3%","0.470","0.340","0.485","0.825","0.218","0.289","0.890","41.7%","0.150","37.0%","16.3%","21.4%","41.1%","29.2%","29.7%","17.7%","53.6%","28.6%","363","1.35","625","2.33","988","3.69","28.1%","67.3%","46.9%","62.9%","86.1%","78.9%","48.1%","62.3%","9.8%"
"George Springer","26.8","Astros","102","388","451","107","59","16","41","16","0.276","19","50","109","4","11.1%","24.2%","0.460","0.367","0.459","0.826","0.183","0.342","1.510","30.1%","0.188","45.4%","3.5%","24.5%","34.2%","38.7%","27.1%","19.7%","47.2%","33.1%","730","1.62","1060","2.35","1790","3.97","23.1%","70.8%","46.0%","59.6%","73.0%","69.5%","47.9%","61.2%","13.9%"
"Elvis Andrus","27.8","Rangers","160","596","661","154","69","7","62","25","0.258","34","46","78","9","7.0%","11.8%","0.590","0.309","0.357","0.667","0.099","0.283","1.480","31.8%","0.043","47.1%","9.8%","21.1%","43.7%","31.0%","25.2%","18.1%","55.1%","26.7%","905","1.37","1540","2.33","2445","3.70","26.5%","61.1%","43.2%","71.7%","93.0%","86.3%","48.5%","62.3%","5.9%"
"Yasmani Grandal","27.6","Dodgers","115","355","426","83","43","16","47","0","0.234","12","65","92","1","15.3%","21.6%","0.710","0.353","0.403","0.756","0.169","0.268","1.220","37.3%","0.163","45.6%","15.3%","17.1%","37.1%","39.7%","23.2%","20.2%","49.8%","30.0%","738","1.73","1025","2.41","1763","4.14","22.9%","60.2%","39.2%","62.7%","87.0%","79.0%","43.7%","58.2%","8.2%"
"Curtis Granderson","35.3","Mets","157","580","682","150","98","26","70","11","0.259","33","91","151","6","13.3%","22.1%","0.600","0.364","0.457","0.821","0.198","0.305","0.730","42.1%","0.143","30.8%","7.7%","27.1%","48.3%","30.5%","21.2%","12.7%","50.3%","37.0%","1227","1.80","1754","2.57","2981","4.37","20.5%","60.8%","38.2%","65.4%","88.5%","81.6%","44.0%","53.1%","6.9%"
"Cesar Hernandez","26.1","Phillies","127","405","452","110","57","1","35","19","0.272","20","40","86","5","8.8%","19.0%","0.470","0.339","0.348","0.687","0.077","0.342","2.480","21.9%","0.015","54.3%","3.0%","23.8%","32.1%","37.0%","30.9%","21.3%","54.9%","23.8%","597","1.32","1031","2.28","1628","3.60","27.5%","69.4%","46.3%","58.6%","89.7%","79.5%","45.0%","58.4%","9.4%"
"James McCann","26.0","Tigers","114","401","425","106","32","7","41","0","0.264","18","16","90","1","3.8%","21.2%","0.180","0.297","0.387","0.683","0.122","0.325","1.840","27.0%","0.084","49.8%","7.2%","23.1%","38.6%","35.8%","25.6%","16.1%","57.6%","26.3%","469","1.10","1032","2.43","1501","3.53","40.5%","67.8%","53.2%","60.1%","87.9%","76.6%","46.5%","62.8%","12.2%"
"Javier Baez","23.6","Cubs","28","76","80","22","4","1","4","1","0.289","6","4","24","2","5.0%","30.0%","0.170","0.325","0.408","0.733","0.118","0.412","1.190","31.4%","0.063","37.3%","6.3%","31.4%","32.7%","34.6%","32.7%","7.7%","59.6%","32.7%","101","1.26","210","2.63","311","3.89","40.2%","68.2%","52.2%","48.6%","83.0%","67.7%","42.6%","68.8%","16.4%"
"Carlos Gomez","30.6","2 Teams","115","435","477","111","61","12","56","17","0.255","29","31","101","9","6.5%","21.2%","0.310","0.314","0.409","0.724","0.154","0.307","1.120","38.0%","0.097","42.6%","12.1%","19.3%","39.6%","35.5%","24.9%","23.1%","47.0%","29.9%","591","1.24","1153","2.42","1744","3.66","39.0%","78.0%","56.1%","64.4%","84.5%","76.6%","43.7%","63.9%","12.8%"
"Manny Machado","24.0","Orioles","162","633","713","181","102","35","86","20","0.286","30","70","111","8","9.8%","15.6%","0.630","0.359","0.502","0.861","0.216","0.297","1.140","38.5%","0.176","43.7%","14.1%","17.8%","38.1%","36.7%","25.2%","16.3%","50.6%","33.1%","1107","1.55","1682","2.36","2789","3.91","25.7%","65.6%","43.6%","70.3%","91.1%","84.3%","44.8%","58.1%","6.8%"
"Jason Kipnis","29.2","Indians","141","565","641","171","86","9","52","12","0.303","43","57","107","8","8.9%","16.7%","0.530","0.372","0.451","0.823","0.149","0.356","1.600","28.1%","0.069","45.0%","6.9%","26.8%","35.3%","36.1%","28.6%","15.4%","54.7%","29.9%","933","1.46","1607","2.51","2540","3.96","27.3%","62.4%","43.7%","67.4%","92.1%","83.9%","46.6%","56.2%","6.9%"
"Dee Gordon","28.2","Marlins","145","615","653","205","88","4","46","58","0.333","24","25","91","20","3.8%","13.9%","0.270","0.359","0.418","0.776","0.085","0.383","3.190","18.7%","0.043","59.8%","3.2%","21.5%","30.1%","38.5%","31.4%","20.6%","61.9%","17.6%","693","1.06","1555","2.38","2248","3.44","38.1%","65.0%","50.9%","79.3%","93.7%","88.0%","47.5%","64.9%","6.1%"
"Nolan Arenado","25.2","Rockies","157","616","665","177","97","42","130","2","0.287","43","34","110","5","5.1%","16.5%","0.310","0.323","0.575","0.898","0.287","0.284","0.780","43.9%","0.185","34.4%","10.6%","21.7%","45.6%","33.5%","20.9%","14.7%","49.5%","35.8%","793","1.19","1529","2.30","2322","3.49","39.9%","74.2%","55.2%","64.2%","90.9%","80.2%","44.7%","60.2%","10.5%"
"Brian Dozier","29.1","Twins","157","628","704","148","101","28","77","12","0.236","39","61","148","4","8.7%","21.0%","0.410","0.307","0.444","0.751","0.209","0.261","0.760","44.1%","0.131","33.3%","19.7%","22.6%","60.2%","24.2%","15.6%","18.9%","52.2%","29.0%","1062","1.51","1771","2.52","2833","4.02","30.8%","64.3%","45.6%","68.9%","86.4%","79.8%","44.1%","60.4%","9.0%"
"Jordy Mercer","29.8","Pirates","116","394","430","96","34","3","34","3","0.244","21","27","73","2","6.3%","17.0%","0.370","0.293","0.320","0.613","0.076","0.290","1.600","30.6%","0.030","48.8%","6.1%","20.7%","38.7%","36.9%","24.4%","16.5%","58.5%","25.0%","551","1.28","1052","2.45","1603","3.73","31.5%","59.3%","44.9%","70.0%","91.0%","83.4%","48.3%","60.2%","7.2%"
"J.J. Hardy","33.9","Orioles","114","411","437","90","45","8","37","0","0.219","14","20","88","0","4.6%","20.1%","0.230","0.253","0.311","0.564","0.092","0.257","1.490","33.1%","0.074","49.4%","10.2%","17.5%","40.1%","40.4%","19.5%","19.5%","56.8%","23.7%","645","1.48","1144","2.62","1789","4.09","28.5%","53.5%","40.2%","70.9%","92.3%","84.2%","46.7%","59.3%","6.3%"
"Jackie Bradley Jr.","26.2","Red Sox","74","221","255","55","43","10","43","3","0.249","17","27","69","0","10.6%","27.1%","0.390","0.335","0.498","0.832","0.249","0.310","1.320","36.4%","0.179","48.1%","5.4%","15.6%","45.5%","32.1%","22.4%","16.7%","51.3%","32.1%","407","1.60","660","2.59","1067","4.18","27.3%","65.3%","44.3%","56.6%","79.2%","71.5%","44.6%","60.4%","12.5%"
"Wil Myers","25.6","Padres","60","225","253","57","40","8","29","5","0.253","13","27","55","2","10.7%","21.7%","0.490","0.336","0.427","0.763","0.173","0.302","1.340","35.5%","0.136","47.6%","11.9%","16.9%","44.1%","37.6%","18.2%","13.5%","53.5%","32.9%","434","1.72","642","2.54","1076","4.25","23.7%","62.6%","42.5%","52.7%","85.9%","76.3%","48.4%","60.5%","9.9%"
"Anthony Rendon","26.1","Nationals","80","311","355","82","43","5","25","1","0.264","16","36","70","2","10.1%","19.7%","0.510","0.344","0.363","0.707","0.100","0.321","1.360","33.3%","0.062","45.3%","4.9%","21.4%","38.8%","32.2%","29.0%","12.7%","55.5%","31.8%","619","1.74","937","2.64","1556","4.38","17.5%","60.9%","37.7%","76.2%","89.0%","85.8%","46.7%","59.2%","5.3%"
"Erick Aybar","32.5","Angels","156","597","638","161","74","3","44","15","0.270","30","25","73","6","3.9%","11.4%","0.340","0.301","0.338","0.639","0.069","0.300","1.990","26.4%","0.023","52.6%","5.3%","21.0%","40.1%","37.5%","22.4%","17.0%","60.1%","22.9%","701","1.10","1454","2.28","2155","3.38","38.8%","68.2%","51.9%","78.9%","94.3%","87.9%","44.6%","63.6%","6.2%"
"Jay Bruce","29.2","Reds","157","580","649","131","72","26","87","9","0.226","35","58","145","5","8.9%","22.3%","0.400","0.294","0.434","0.729","0.209","0.251","0.840","44.2%","0.133","37.0%","5.6%","18.7%","46.8%","30.4%","22.7%","13.5%","51.1%","35.4%","988","1.52","1555","2.40","2543","3.92","32.2%","75.2%","48.8%","61.7%","87.3%","77.0%","38.7%","58.9%","11.1%"
"Martin Prado","32.7","Marlins","129","500","551","144","52","9","63","1","0.288","22","37","68","0","6.7%","12.3%","0.540","0.338","0.394","0.732","0.106","0.313","1.560","30.0%","0.068","46.8%","13.6%","23.2%","31.1%","39.7%","29.3%","16.6%","56.0%","27.4%","770","1.40","1387","2.52","2157","3.91","26.9%","53.2%","40.1%","76.6%","95.4%","89.1%","50.3%","63.3%","4.3%"
"Josh Harrison","29.0","Pirates","114","418","449","120","57","4","28","10","0.287","29","19","71","8","4.2%","15.8%","0.270","0.327","0.390","0.717","0.103","0.336","1.240","33.5%","0.034","41.6%","6.0%","24.9%","35.5%","36.1%","28.4%","19.3%","52.0%","28.7%","479","1.07","1088","2.42","1567","3.49","39.6%","69.9%","55.1%","72.8%","86.5%","81.6%","51.0%","62.8%","10.0%"
"Colby Rasmus","29.9","Astros","137","432","485","103","67","25","61","2","0.238","23","47","154","1","9.7%","31.8%","0.310","0.314","0.475","0.789","0.236","0.305","0.550","51.6%","0.176","28.4%","9.9%","20.0%","52.8%","27.0%","20.2%","16.3%","49.6%","34.0%","771","1.59","1240","2.56","2011","4.15","27.5%","70.8%","46.4%","52.4%","79.1%","70.2%","43.6%","63.1%","13.7%"
"Andre Ethier","34.2","Dodgers","142","395","445","116","54","14","53","2","0.294","20","43","75","3","9.7%","16.9%","0.570","0.366","0.486","0.852","0.192","0.330","1.090","35.3%","0.123","38.4%","6.1%","26.3%","41.5%","37.2%","21.4%","18.0%","49.5%","32.5%","635","1.43","1074","2.41","1709","3.84","31.2%","70.1%","48.5%","64.9%","90.7%","81.4%","44.4%","58.4%","8.9%"
"A.J. Pollock","28.6","Diamondbacks","157","609","673","192","111","20","76","39","0.315","39","53","89","7","7.9%","13.2%","0.600","0.367","0.498","0.865","0.182","0.338","1.740","29.0%","0.132","50.3%","9.2%","20.8%","38.8%","36.9%","24.4%","14.9%","51.2%","33.8%","831","1.23","1530","2.27","2361","3.51","30.8%","64.0%","46.5%","67.2%","94.6%","85.1%","47.4%","63.7%","6.9%"
"Todd Frazier","30.4","Reds","157","619","678","158","82","35","89","13","0.255","43","44","137","8","6.5%","20.2%","0.320","0.309","0.498","0.806","0.242","0.271","0.690","47.7%","0.151","33.1%","16.8%","19.1%","46.1%","32.9%","21.0%","18.4%","44.7%","36.9%","907","1.34","1658","2.45","2565","3.78","37.8%","76.1%","54.0%","64.2%","85.2%","76.7%","42.2%","60.3%","12.4%"
"Gregory Polanco","24.8","Pirates","153","593","652","152","83","9","52","27","0.256","35","55","121","10","8.4%","18.6%","0.450","0.320","0.381","0.701","0.125","0.308","1.300","34.9%","0.055","45.4%","8.6%","19.7%","39.4%","35.6%","25.1%","17.5%","52.6%","29.9%","954","1.46","1574","2.41","2528","3.88","31.0%","63.2%","44.4%","70.5%","89.2%","81.6%","41.8%","57.4%","8.0%"
"Jose Bautista","35.7","Blue Jays","153","543","666","136","108","40","114","8","0.250","29","110","106","2","16.5%","15.9%","1.040","0.377","0.536","0.913","0.285","0.237","0.760","48.8%","0.184","37.3%","14.3%","13.9%","53.3%","28.1%","18.7%","17.3%","47.6%","35.1%","1162","1.74","1579","2.37","2741","4.12","22.8%","61.9%","40.0%","67.7%","87.1%","80.9%","44.0%","53.0%","7.5%"
"Marcell Ozuna","25.6","Marlins","123","459","494","119","47","10","44","2","0.259","27","30","110","3","6.1%","22.3%","0.270","0.308","0.383","0.691","0.124","0.320","1.560","30.8%","0.093","48.1%","10.2%","21.1%","35.3%","35.0%","29.6%","17.7%","47.9%","34.5%","650","1.32","1182","2.39","1832","3.71","34.0%","66.5%","48.3%","57.4%","86.9%","75.3%","44.0%","61.9%","11.7%"
"Delino Deshields","23.9","Rangers","121","425","492","111","83","2","37","25","0.261","22","53","101","8","10.8%","20.5%","0.520","0.344","0.374","0.718","0.113","0.334","1.410","33.7%","0.019","47.4%","5.8%","19.0%","36.7%","36.7%","26.6%","22.1%","56.7%","21.2%","735","1.49","1188","2.41","1923","3.91","20.0%","55.2%","37.9%","57.2%","85.7%","78.3%","50.8%","62.4%","8.2%"
"Alex Gordon","32.4","Royals","104","354","422","96","40","13","48","2","0.271","18","49","92","5","11.6%","21.8%","0.530","0.377","0.432","0.809","0.161","0.327","1.000","37.6%","0.130","37.6%","8.0%","24.8%","45.7%","36.3%","18.0%","19.1%","47.6%","33.3%","703","1.67","980","2.32","1683","3.99","23.1%","67.6%","42.9%","60.8%","85.7%","78.3%","44.5%","58.5%","9.0%"
"Joc Pederson","24.2","Dodgers","151","480","585","101","67","26","54","4","0.210","19","92","170","7","15.7%","29.1%","0.540","0.346","0.417","0.763","0.206","0.262","0.980","42.4%","0.197","41.8%","15.2%","15.8%","43.6%","34.7%","21.7%","20.4%","42.4%","37.3%","1026","1.75","1438","2.46","2464","4.21","27.1%","65.1%","43.0%","49.1%","77.0%","66.8%","41.9%","56.9%","14.0%"
"Brett Gardner","32.9","Yankees","151","571","656","148","94","16","66","20","0.259","26","68","135","5","10.4%","20.6%","0.500","0.343","0.399","0.742","0.140","0.312","1.340","33.9%","0.110","45.3%","6.2%","20.8%","34.9%","34.5%","30.6%","14.3%","59.5%","26.2%","1091","1.66","1641","2.50","2732","4.16","23.3%","55.8%","37.5%","66.2%","89.3%","81.3%","44.0%","52.3%","7.0%"
"Andrelton Simmons","26.8","Braves","147","535","583","142","60","4","44","5","0.265","23","39","48","3","6.7%","8.2%","0.810","0.321","0.338","0.660","0.073","0.285","2.510","22.4%","0.037","56.2%","9.3%","21.4%","34.5%","42.2%","23.3%","21.0%","56.3%","22.7%","700","1.20","1206","2.07","1906","3.27","29.0%","65.1%","46.6%","79.7%","93.7%","89.3%","48.8%","64.3%","4.9%"
"Matt Duffy","25.5","Giants","149","573","612","169","77","12","77","12","0.295","28","30","96","0","4.9%","15.7%","0.310","0.334","0.428","0.762","0.133","0.336","1.980","26.5%","0.094","52.6%","3.1%","20.9%","31.8%","34.9%","33.3%","14.6%","57.2%","28.3%","817","1.33","1454","2.38","2271","3.71","31.2%","64.1%","46.4%","69.1%","91.9%","83.6%","46.0%","64.4%","7.5%"
"Joe Panik","25.7","Giants","100","382","432","119","59","8","37","3","0.312","27","38","42","2","8.8%","9.7%","0.900","0.378","0.455","0.833","0.144","0.330","1.280","33.8%","0.069","43.1%","7.8%","23.0%","33.7%","37.2%","29.1%","20.2%","49.9%","30.0%","609","1.41","983","2.28","1592","3.69","24.5%","65.0%","43.2%","82.3%","93.0%","89.7%","46.0%","58.8%","4.4%"
"Brandon Crawford","29.4","Giants","143","507","561","130","65","21","84","6","0.256","33","39","119","4","7.0%","21.2%","0.330","0.321","0.462","0.782","0.205","0.294","1.420","33.5%","0.162","47.7%","6.2%","18.8%","39.8%","37.5%","22.7%","15.6%","51.5%","32.9%","770","1.37","1399","2.49","2169","3.87","35.2%","76.1%","52.9%","56.2%","84.2%","73.6%","43.3%","62.4%","13.6%"
"Kyle Schwarber","23.3","Cubs","69","232","273","57","52","16","43","3","0.246","6","36","77","3","13.2%","28.2%","0.470","0.355","0.487","0.842","0.241","0.293","0.950","42.3%","0.242","40.4%","7.6%","17.3%","46.8%","32.1%","21.2%","14.7%","45.5%","39.7%","454","1.66","709","2.60","1163","4.26","30.7%","66.4%","45.0%","57.6%","74.8%","67.8%","40.0%","60.1%","14.4%"
"Mike Moustakas","27.8","Royals","147","549","614","156","73","22","82","1","0.284","34","43","76","2","7.0%","12.4%","0.570","0.348","0.470","0.817","0.186","0.294","0.960","41.4%","0.112","39.9%","15.3%","18.8%","39.2%","33.4%","27.4%","19.5%","49.2%","31.3%","897","1.46","1538","2.50","2435","3.97","34.0%","65.6%","48.0%","75.1%","91.4%","85.0%","44.5%","58.3%","7.1%"
"Justin Upton","28.8","Padres","150","542","620","136","85","26","81","19","0.251","26","68","159","5","11.0%","25.6%","0.430","0.336","0.454","0.790","0.203","0.304","0.880","44.1%","0.152","38.7%","6.4%","17.3%","39.4%","35.8%","24.7%","15.2%","49.7%","35.1%","1007","1.62","1507","2.43","2514","4.05","24.8%","69.1%","45.1%","51.4%","78.0%","70.0%","45.8%","57.9%","13.3%"
"Cameron Maybin","29.2","Braves","141","505","555","135","65","10","59","23","0.267","18","45","102","6","8.1%","18.4%","0.440","0.327","0.370","0.697","0.103","0.316","2.890","20.0%","0.123","57.9%","12.3%","22.0%","38.1%","33.4%","28.5%","20.9%","57.7%","21.4%","798","1.44","1376","2.48","2174","3.92","27.0%","62.0%","43.7%","64.1%","89.6%","81.4%","47.7%","60.5%","8.1%"
"Yadier Molina","34.0","Cardinals","136","488","530","132","34","4","61","3","0.270","23","32","59","1","6.0%","11.1%","0.540","0.310","0.350","0.660","0.080","0.295","1.490","32.0%","0.029","47.7%","11.4%","20.3%","36.2%","32.8%","31.0%","17.5%","57.2%","25.3%","618","1.17","1194","2.25","1812","3.42","37.2%","76.0%","55.0%","80.6%","88.2%","85.4%","45.9%","62.3%","8.0%"
"Kendrys Morales","33.0","Royals","158","569","639","165","81","22","106","0","0.290","41","58","103","0","9.1%","16.1%","0.560","0.362","0.485","0.847","0.195","0.319","1.290","34.7%","0.135","44.9%","3.1%","20.4%","40.0%","36.6%","23.4%","14.3%","50.9%","34.9%","945","1.48","1497","2.34","2442","3.82","32.7%","71.4%","49.0%","62.4%","88.3%","78.3%","42.0%","54.6%","10.4%"
"Eddie Rosario","24.8","Twins","122","453","474","121","60","13","50","11","0.267","18","15","118","6","3.2%","24.9%","0.130","0.289","0.459","0.748","0.192","0.332","0.960","40.6%","0.096","39.1%","11.8%","20.3%","39.0%","35.8%","25.2%","18.2%","52.8%","29.0%","485","1.02","1207","2.55","1692","3.57","46.0%","76.4%","59.3%","63.9%","84.3%","75.4%","43.6%","65.6%","14.5%"
"Kevin Pillar","27.5","Blue Jays","159","586","628","163","76","12","56","25","0.278","31","28","85","4","4.5%","13.5%","0.330","0.314","0.399","0.713","0.121","0.306","1.130","36.7%","0.066","41.4%","17.7%","21.9%","42.9%","30.2%","26.9%","24.7%","50.6%","24.7%","694","1.11","1568","2.50","2262","3.60","40.9%","63.0%","51.4%","73.6%","90.1%","83.2%","47.3%","65.1%","8.5%"
"David Freese","33.2","Angels","121","424","470","109","53","14","56","1","0.257","27","31","107","1","6.6%","22.8%","0.290","0.323","0.420","0.743","0.163","0.310","1.930","28.1%","0.156","54.4%","6.7%","17.5%","38.1%","30.6%","31.3%","16.3%","50.0%","33.8%","677","1.44","1165","2.48","1842","3.92","30.8%","63.4%","45.8%","59.4%","88.7%","78.1%","46.0%","60.4%","9.9%"
"Brian McCann","32.4","Yankees","135","465","535","108","68","26","94","0","0.232","15","52","97","0","9.7%","18.1%","0.540","0.320","0.437","0.756","0.204","0.235","0.770","47.2%","0.149","36.1%","8.0%","16.7%","50.1%","31.5%","18.4%","15.2%","53.3%","31.5%","779","1.46","1315","2.46","2094","3.91","32.2%","55.8%","42.3%","73.9%","92.9%","84.6%","42.6%","55.9%","6.5%"
"Stephen Piscotty","25.5","Cardinals","63","233","256","71","29","7","39","2","0.305","15","20","56","1","7.8%","21.9%","0.360","0.359","0.494","0.853","0.189","0.372","1.350","33.5%","0.117","45.3%","1.7%","21.2%","34.6%","31.3%","34.1%","15.6%","46.9%","37.4%","352","1.38","633","2.47","985","3.85","33.3%","73.7%","51.3%","62.7%","86.0%","77.6%","44.5%","61.3%","11.2%"
"Victor Martinez","37.5","Tigers","120","440","485","108","39","11","64","0","0.245","20","31","52","0","6.4%","10.7%","0.600","0.301","0.366","0.667","0.120","0.253","1.040","38.7%","0.072","40.3%","7.2%","21.0%","41.3%","35.9%","22.8%","17.7%","52.2%","30.1%","692","1.43","1217","2.51","1909","3.94","34.3%","67.8%","48.7%","81.3%","91.3%","87.3%","43.1%","57.9%","6.0%"
"Brandon Phillips","35.0","Reds","148","588","623","173","69","12","70","23","0.294","19","27","68","3","4.3%","10.9%","0.400","0.328","0.395","0.723","0.100","0.315","1.480","30.3%","0.076","44.8%","10.1%","24.9%","34.9%","33.6%","31.5%","17.6%","58.0%","24.4%","697","1.12","1471","2.36","2168","3.48","38.9%","74.5%","55.1%","68.1%","91.5%","82.5%","45.5%","62.3%","9.5%"
"Kyle Seager","28.7","Mariners","161","623","686","166","85","26","74","6","0.266","37","54","98","6","7.9%","14.3%","0.550","0.328","0.451","0.779","0.185","0.278","0.860","40.8%","0.121","35.2%","9.8%","24.0%","44.4%","31.8%","23.8%","12.5%","54.6%","32.9%","938","1.37","1599","2.33","2537","3.70","29.9%","64.2%","45.9%","69.5%","90.8%","83.4%","46.8%","58.5%","7.5%"
"Alcides Escobar","29.5","Royals","148","612","662","157","76","3","47","17","0.257","20","26","75","5","3.9%","11.3%","0.350","0.293","0.320","0.614","0.064","0.286","1.600","29.9%","0.019","47.8%","9.9%","22.3%","31.5%","38.3%","30.2%","20.8%","58.8%","20.4%","723","1.09","1588","2.40","2311","3.49","36.2%","69.2%","52.0%","72.3%","90.4%","83.8%","47.8%","68.4%","8.3%"
"Lucas Duda","30.4","Mets","135","471","554","115","67","27","73","0","0.244","33","66","138","2","11.9%","24.9%","0.480","0.352","0.486","0.838","0.242","0.285","0.540","50.6%","0.159","27.4%","7.6%","22.0%","39.0%","33.9%","27.1%","11.3%","49.7%","39.0%","911","1.64","1355","2.45","2266","4.09","29.1%","63.6%","42.8%","60.8%","88.0%","76.9%","39.7%","51.3%","9.8%"
"Kris Bryant","24.5","Cubs","151","559","650","154","87","26","99","13","0.275","31","77","199","4","11.8%","30.6%","0.390","0.369","0.488","0.858","0.213","0.378","0.760","45.2%","0.158","34.2%","7.9%","20.5%","41.6%","34.5%","23.8%","14.8%","47.7%","37.5%","1039","1.60","1612","2.48","2651","4.08","30.6%","76.2%","49.8%","49.2%","75.8%","66.3%","42.0%","60.8%","16.5%"
"Miguel Sano","23.1","Twins","80","279","335","75","46","18","52","1","0.269","17","53","119","1","15.8%","35.5%","0.450","0.385","0.530","0.916","0.262","0.396","0.790","42.0%","0.265","33.3%","7.4%","24.7%","44.4%","29.0%","26.5%","11.7%","45.1%","43.2%","612","1.83","843","2.52","1455","4.34","25.8%","61.3%","40.8%","33.8%","76.3%","60.9%","42.3%","54.0%","15.7%"
"Shin-Soo Choo","34.0","Rangers","149","555","653","153","94","22","82","4","0.276","32","76","147","2","11.6%","22.5%","0.520","0.375","0.463","0.838","0.187","0.335","1.790","28.5%","0.188","50.9%","2.6%","20.7%","44.1%","34.2%","21.7%","14.9%","52.8%","32.3%","1046","1.60","1560","2.39","2606","3.99","24.8%","64.2%","42.2%","63.7%","81.6%","75.7%","44.2%","57.9%","10.1%"
"Matt Kemp","31.8","Padres","154","596","648","158","80","23","100","12","0.265","31","39","147","2","6.0%","22.7%","0.270","0.312","0.443","0.755","0.178","0.311","1.230","35.2%","0.143","43.3%","2.5%","21.4%","40.9%","37.6%","21.4%","11.2%","47.5%","41.4%","879","1.36","1655","2.55","2534","3.91","36.9%","70.7%","51.8%","62.8%","83.4%","75.2%","44.2%","58.3%","12.6%"
"Justin Turner","31.6","Dodgers","126","385","439","113","55","16","60","5","0.294","26","36","71","2","8.2%","16.2%","0.510","0.370","0.491","0.861","0.197","0.321","1.000","36.2%","0.139","36.2%","7.8%","27.7%","37.0%","37.9%","25.1%","11.9%","56.4%","31.7%","650","1.48","1069","2.44","1719","3.92","26.4%","70.1%","47.3%","77.6%","87.2%","84.4%","47.8%","58.5%","7.2%"
"Jorge Soler","24.3","Cubs","101","366","404","96","39","10","47","3","0.262","18","32","121","1","7.9%","30.0%","0.260","0.324","0.399","0.723","0.137","0.361","1.420","29.8%","0.135","42.3%","12.2%","27.8%","38.3%","39.5%","22.2%","15.3%","48.8%","35.9%","607","1.50","1014","2.51","1621","4.01","33.5%","71.2%","48.8%","47.0%","82.1%","67.8%","40.6%","61.1%","15.4%"
"Denard Span","32.3","Nationals","61","246","275","74","38","5","22","11","0.301","17","25","26","0","9.1%","9.5%","0.960","0.365","0.431","0.796","0.130","0.318","1.960","25.7%","0.088","50.5%","3.5%","23.9%","34.1%","34.5%","31.4%","19.7%","55.6%","24.7%","389","1.41","617","2.24","1006","3.66","26.1%","61.0%","42.2%","79.3%","95.7%","90.3%","46.2%","56.0%","4.1%"
"Jason Heyward","26.9","Cardinals","154","547","610","160","79","13","60","23","0.293","33","56","90","3","9.2%","14.8%","0.620","0.359","0.439","0.797","0.146","0.329","2.440","23.5%","0.120","57.2%","12.0%","19.3%","39.1%","36.3%","24.6%","22.4%","48.7%","28.9%","951","1.56","1397","2.29","2348","3.85","25.7%","63.1%","41.7%","67.9%","93.1%","84.2%","42.7%","52.6%","6.5%"
"Addison Russell","22.4","Cubs","142","475","523","115","60","13","54","4","0.242","29","42","149","3","8.0%","28.5%","0.280","0.307","0.389","0.696","0.147","0.324","1.010","40.7%","0.098","41.0%","14.4%","18.2%","42.6%","32.8%","24.6%","20.4%","52.6%","27.1%","774","1.48","1380","2.64","2154","4.12","31.4%","70.1%","48.9%","51.3%","82.3%","71.4%","45.2%","61.4%","13.7%"
"Brandon Belt","28.2","Giants","137","492","556","138","73","18","68","9","0.280","33","56","147","3","10.1%","26.4%","0.380","0.356","0.478","0.834","0.197","0.363","0.880","37.9%","0.136","33.3%","0.8%","28.7%","38.4%","35.8%","25.8%","11.5%","49.0%","39.5%","907","1.63","1413","2.54","2320","4.17","29.1%","80.9%","50.3%","62.3%","80.7%","74.4%","41.0%","60.1%","12.7%"
"Christian Yelich","24.6","Marlins","126","476","525","143","63","7","44","16","0.300","30","47","101","5","9.0%","19.2%","0.470","0.366","0.416","0.782","0.116","0.370","4.160","15.0%","0.125","62.5%","0.0%","22.5%","31.7%","40.5%","27.7%","17.1%","50.1%","32.8%","841","1.60","1284","2.45","2125","4.05","26.6%","64.5%","43.3%","64.3%","87.7%","79.7%","44.1%","56.4%","8.7%"
"Neil Walker","30.8","Pirates","151","543","603","146","69","16","71","4","0.269","32","44","110","1","7.3%","18.2%","0.400","0.328","0.427","0.756","0.158","0.306","1.140","36.8%","0.099","41.8%","4.9%","21.4%","40.8%","35.4%","23.8%","13.6%","54.4%","32.0%","829","1.37","1507","2.50","2336","3.87","33.2%","72.6%","50.4%","70.2%","88.5%","81.7%","43.7%","63.0%","9.1%"
"Odubel Herrera","24.5","Phillies","147","495","537","147","64","8","41","16","0.297","30","28","129","8","5.2%","24.0%","0.220","0.344","0.418","0.762","0.121","0.387","1.610","29.3%","0.076","47.2%","8.6%","23.5%","35.2%","32.3%","32.5%","19.6%","54.0%","26.3%","722","1.34","1433","2.67","2155","4.01","35.4%","67.8%","49.4%","61.4%","86.7%","76.4%","43.1%","62.9%","11.6%"
"Jose Abreu","29.4","White Sox","154","613","668","178","88","30","101","0","0.290","34","39","140","0","5.8%","21.0%","0.280","0.347","0.502","0.850","0.212","0.333","1.470","32.1%","0.197","47.3%","10.5%","20.7%","37.6%","35.9%","26.6%","16.7%","48.9%","34.4%","897","1.34","1629","2.44","2526","3.78","38.3%","67.1%","50.5%","63.0%","87.1%","76.7%","42.5%","57.8%","11.4%"
"Yasiel Puig","25.6","Dodgers","79","282","311","72","30","11","38","3","0.255","12","26","66","3","8.4%","21.2%","0.390","0.322","0.436","0.758","0.181","0.296","1.140","38.7%","0.131","44.2%","8.3%","17.1%","35.5%","37.8%","26.7%","20.7%","47.9%","31.3%","446","1.43","766","2.46","1212","3.90","34.8%","79.4%","54.2%","63.1%","80.2%","74.0%","43.5%","63.7%","13.9%"
"Alex Rodriguez","40.9","Yankees","151","523","620","131","83","33","86","4","0.250","22","84","145","0","13.5%","23.4%","0.580","0.356","0.486","0.842","0.235","0.278","1.110","38.7%","0.221","43.1%","7.4%","18.2%","45.7%","36.9%","17.4%","12.2%","52.5%","35.3%","1018","1.64","1485","2.40","2503","4.04","27.5%","67.6%","44.8%","58.8%","76.5%","70.3%","43.1%","60.3%","13.0%"
"Xander Bogaerts","23.7","Red Sox","156","613","654","196","84","7","81","10","0.320","35","32","101","2","4.9%","15.4%","0.320","0.355","0.421","0.776","0.101","0.372","2.050","25.8%","0.053","52.7%","10.6%","21.5%","33.8%","34.2%","32.0%","21.0%","51.7%","27.2%","803","1.23","1727","2.64","2530","3.87","36.1%","64.0%","49.5%","70.5%","88.6%","81.8%","47.9%","62.4%","9.1%"
"Rougned Odor","22.4","Rangers","120","426","470","111","54","16","61","6","0.261","21","23","79","7","4.9%","16.8%","0.290","0.316","0.465","0.781","0.204","0.283","1.150","39.7%","0.118","45.8%","19.1%","14.6%","46.9%","31.6%","21.5%","20.9%","50.0%","29.1%","619","1.32","1136","2.42","1755","3.73","35.6%","65.4%","48.4%","71.9%","91.4%","83.2%","42.9%","57.7%","8.0%"
"Melky Cabrera","31.9","White Sox","158","629","683","172","70","12","77","3","0.273","36","40","88","0","5.9%","12.9%","0.450","0.314","0.394","0.709","0.121","0.297","1.550","29.9%","0.073","46.3%","9.1%","23.9%","36.9%","35.4%","27.7%","15.7%","57.1%","27.1%","876","1.28","1696","2.48","2572","3.77","34.7%","63.5%","47.4%","82.1%","92.2%","88.1%","44.1%","61.4%","5.6%"
"Chris Davis","30.3","Orioles","160","573","670","150","100","47","117","2","0.262","31","84","208","3","12.5%","31.0%","0.400","0.361","0.562","0.923","0.300","0.319","0.730","43.5%","0.294","31.8%","3.8%","24.7%","55.9%","26.5%","17.6%","9.7%","48.9%","41.4%","1122","1.67","1664","2.48","2786","4.16","31.0%","72.2%","48.3%","50.9%","76.5%","67.0%","42.0%","62.1%","15.6%"
"Jace Peterson","26.1","Braves","152","528","597","126","55","6","52","12","0.239","23","56","120","10","9.4%","20.1%","0.470","0.314","0.335","0.649","0.097","0.296","1.460","31.8%","0.047","46.3%","7.1%","22.0%","38.5%","33.7%","27.8%","20.8%","53.1%","26.1%","882","1.48","1488","2.49","2370","3.97","28.1%","62.2%","43.3%","64.8%","87.7%","79.5%","44.7%","59.3%","8.8%"
"Jed Lowrie","32.2","Astros","69","230","263","51","35","9","30","1","0.222","14","28","43","0","10.6%","16.3%","0.650","0.312","0.400","0.712","0.178","0.233","0.800","43.9%","0.108","34.9%","4.8%","21.2%","42.3%","31.7%","25.9%","12.7%","50.8%","36.5%","440","1.67","646","2.46","1086","4.13","24.4%","71.9%","45.8%","78.0%","88.3%","85.3%","45.1%","57.8%","6.5%"
